{"cameraMode":{"drawMode":0,"name":"Shaded","section":"Shading Mode"},"sceneLighting":false,"audioPlay":false,"sceneViewState":{"m_AlwaysRefresh":false,"showFog":true,"showSkybox":true,"showFlares":true,"showImageEffects":true,"showParticleSystems":true,"showVisualEffectGraphs":true,"m_FxEnabled":true},"in2DMode":false,"pivot":{"x":3.489485025405884,"y":-20.335857391357423,"z":31.565383911132814},"rotation":{"x":0.2872014343738556,"y":0.0017192665254697204,"z":-0.000514831452164799,"w":0.9578808546066284},"size":45.235198974609378,"orthographic":false}