{"cameraMode":{"drawMode":0,"name":"Shaded","section":"Shading Mode"},"sceneLighting":true,"audioPlay":false,"sceneViewState":{"m_AlwaysRefresh":false,"showFog":true,"showSkybox":true,"showFlares":true,"showImageEffects":true,"showParticleSystems":true,"showVisualEffectGraphs":true,"m_FxEnabled":true},"in2DMode":false,"pivot":{"x":19.301931381225587,"y":-12.96304702758789,"z":112.19682312011719},"rotation":{"x":0.061447806656360629,"y":0.023351898416876794,"z":-0.0014048864832147956,"w":0.9978708028793335},"size":76.33662414550781,"orthographic":false}