{"cameraMode":{"drawMode":0,"name":"Shaded","section":"Shading Mode"},"sceneLighting":false,"audioPlay":false,"sceneViewState":{"m_AlwaysRefresh":false,"showFog":true,"showSkybox":true,"showFlares":true,"showImageEffects":true,"showParticleSystems":true,"showVisualEffectGraphs":true,"m_FxEnabled":true},"in2DMode":false,"pivot":{"x":0.046701908111572269,"y":-55.69342803955078,"z":51.606815338134769},"rotation":{"x":0.33703097701072695,"y":-0.015257075428962708,"z":0.005463029257953167,"w":0.9413753747940064},"size":61.78557586669922,"orthographic":false}