{"cameraMode":{"drawMode":0,"name":"Shaded","section":"Shading Mode"},"sceneLighting":false,"audioPlay":false,"sceneViewState":{"m_AlwaysRefresh":false,"showFog":true,"showSkybox":false,"showFlares":true,"showImageEffects":true,"showParticleSystems":true,"showVisualEffectGraphs":true,"m_FxEnabled":true},"in2DMode":false,"pivot":{"x":28.420269012451173,"y":1.9456403255462647,"z":-15.421034812927246},"rotation":{"x":0.34027665853500368,"y":-0.0729660838842392,"z":0.026496730744838716,"w":0.9371311664581299},"size":2.398270845413208,"orthographic":false}